kpi_documentation 1[object_id],kpi_documentation 1[object_type],kpi_documentation 1[table_name],kpi_documentation 1[display_name],kpi_documentation 1[business_description],kpi_documentation 1[technical_description],kpi_documentation 1[dax_expression],kpi_documentation 1[data_type],kpi_documentation 1[format_string],kpi_documentation 1[unit_of_measure],kpi_documentation 1[aggregation_default],kpi_documentation 1[is_additive],kpi_documentation 1[domain],kpi_documentation 1[grain],kpi_documentation 1[source_system],kpi_documentation 1[source_lineage],kpi_documentation 1[refresh_frequency],kpi_documentation 1[last_refresh],kpi_documentation 1[relationships],kpi_documentation 1[related_measures],kpi_documentation 1[synonyms],kpi_documentation 1[example_questions],kpi_documentation 1[sample_values],kpi_documentation 1[cardinality],kpi_documentation 1[null_policy],kpi_documentation 1[filter_context_sensitive],kpi_documentation 1[known_pitfalls],kpi_documentation 1[valid_slicers],kpi_documentation 1[invalid_slicers],kpi_documentation 1[rls_applied],kpi_documentation 1[rls_rules],kpi_documentation 1[certified],kpi_documentation 1[owner],kpi_documentation 1[governance_tag],kpi_documentation 1[deprecated],kpi_documentation 1[replacement_object_id],kpi_documentation 1[version],kpi_documentation 1[last_modified]
Metrics.Unit Cases AC,measure,Metrics,Unit Cases AC,Volumen de ventas actual en Unidades de Caja (UC). Total de unit cases vendidos en el período activo según contexto de filtro.,Suma directa de unit_case_amt en la tabla de hechos Metrics-Actuals-Vol. Medida base de volumen sin inteligencia de tiempo.,SUM('Metrics-Actuals-Vol'[unit_case_amt]),decimal,"#,0",UC,sum,True,Volumen NSR LATAM,N/A – medida calculada,,Metrics-Actuals-Vol[unit_case_amt],daily,,"[{""to_table"":""Period"",""to_column"":""day_id"",""cardinality"":""N:1"",""cross_filter"":""single""},{""to_table"":""Channel"",""to_column"":""chnl_id"",""cardinality"":""N:1"",""cross_filter"":""single""},{""to_table"":""Product"",""to_column"":""prod_id"",""cardinality"":""N:1"",""cross_filter"":""single""},{""to_table"":""Package"",""to_column"":""prod_id"",""cardinality"":""N:1"",""cross_filter"":""single""},{""to_table"":""Ship To"",""to_column"":""ship_to_loc_id"",""cardinality"":""N:1"",""cross_filter"":""single""},{""to_table"":""Ship From"",""to_column"":""ship_from_loc_id"",""cardinality"":""N:1"",""cross_filter"":""single""},{""to_table"":""Sales Type"",""to_column"":""sls_type_id"",""cardinality"":""N:1"",""cross_filter"":""single""},{""to_table"":""Transaction Type"",""to_column"":""trx_type_cd"",""cardinality"":""N:1"",""cross_filter"":""single""},{""to_table"":""Reporting View"",""to_column"":""rpt_view_cd"",""cardinality"":""N:1"",""cross_filter"":""single""}]","[""Metrics.Unit Cases AC MTD vs PY"",""Metrics.Unit Cases AC PY"",""Metrics.Individual Units AC"",""Metrics.Bottler Gross Price per UC AC (LC)""]","[""UC AC"",""Unit Cases Actual"",""Volumen UC"",""Cajas unidad actual"",""volume AC""]","[""¿Cuántas unit cases vendimos este período?"",""¿Cuál es el volumen AC por canal?"",""Volumen actual por botella y país"",""Unit cases by ship-from""]",[],,Nulos representan ausencia de transacciones para esa combinación de dimensiones,True,"Aditiva solo sobre dimensiones conectadas a Metrics-Actuals-Vol. No combinar con slicers exclusivos de otras tablas de hechos (CurrencyRate, Off Discount) sin medida puente.","[""Period"",""Channel"",""Product"",""Package"",""Ship To"",""Ship From"",""Sales Type"",""Transaction Type"",""Reporting View""]","[""CurrencyRate"",""Off Discount"",""On Bulk Discount"",""On Standard Discount"",""Record Type""]",True,"Rol KO (SEC-IDM-NSR-RPT-LATAM-VR-PS-LMQY-TCRON): filtra Product[Non-KO Product] distinto de Y – solo productos Coca-Cola. Rol NONKO (SEC-IDM-NSR-RPT-LATAM-VR-PS-LMQY-TCRON-NONKO): sin filtro de producto, acceso completo.",True,,,False,,,2026-02-26 06:36:26
Metrics.Unit Cases AC MTD vs PY,measure,Metrics,Unit Cases AC MTD vs PY,Diferencia absoluta de Unit Cases entre el acumulado mensual (MTD) del período actual y el mismo acumulado del año anterior (PY). Positivo indica crecimiento.,Resta de [Unit Cases AC MTD] menos [Unit Cases AC MTD PY]. Requiere contexto de período activo a nivel mes o inferior para retornar resultado.,[Unit Cases AC MTD] - [Unit Cases AC MTD PY],decimal,"#,0",UC,none,False,Volumen NSR LATAM,N/A – medida calculada,,Metrics-Actuals-Vol[unit_case_amt] vía Unit Cases AC MTD y MTD PY,daily,,"[{""to_table"":""Period"",""to_column"":""day_id"",""cardinality"":""N:1"",""cross_filter"":""single""},{""to_table"":""Channel"",""to_column"":""chnl_id"",""cardinality"":""N:1"",""cross_filter"":""single""},{""to_table"":""Product"",""to_column"":""prod_id"",""cardinality"":""N:1"",""cross_filter"":""single""},{""to_table"":""Package"",""to_column"":""prod_id"",""cardinality"":""N:1"",""cross_filter"":""single""},{""to_table"":""Ship To"",""to_column"":""ship_to_loc_id"",""cardinality"":""N:1"",""cross_filter"":""single""},{""to_table"":""Ship From"",""to_column"":""ship_from_loc_id"",""cardinality"":""N:1"",""cross_filter"":""single""},{""to_table"":""Sales Type"",""to_column"":""sls_type_id"",""cardinality"":""N:1"",""cross_filter"":""single""}]","[""Metrics.Unit Cases AC"",""Metrics.Unit Cases AC MTD"",""Metrics.Unit Cases AC MTD PY"",""Metrics.Unit Cases AC PY""]","[""UC MTD vs PY"",""Variación UC MTD"",""Delta volumen MTD"",""Unit Cases Month to Date vs Prior Year""]","[""¿Cómo van las unit cases este mes vs el año pasado?"",""¿Cuánto crecimos en volumen MTD vs PY?"",""Diferencia de volumen mensual AC vs PY por canal""]",[],,Retorna BLANK si no hay filtro de período activo a nivel mes o inferior,True,"Resultado es diferencia absoluta, no porcentual. Para % usar la medida específica % vs PY. No sumar entre distintas entidades. No usar sin filtro de período activo.","[""Period"",""Channel"",""Product"",""Package"",""Ship To"",""Ship From"",""Sales Type"",""Transaction Type"",""Reporting View""]","[""CurrencyRate"",""Off Discount"",""On Bulk Discount"",""On Standard Discount""]",True,"Rol KO (SEC-IDM-NSR-RPT-LATAM-VR-PS-LMQY-TCRON): filtra Product[Non-KO Product] distinto de Y – solo productos Coca-Cola. Rol NONKO (SEC-IDM-NSR-RPT-LATAM-VR-PS-LMQY-TCRON-NONKO): sin filtro de producto, acceso completo.",True,,,False,,,2026-02-26 06:36:26
Metrics.Unit Cases AC PY,measure,Metrics,Unit Cases AC PY,Volumen de Unit Cases del año anterior (PY) para el mismo período seleccionado. Soporta doble calendario: 4-4-5 fiscal y Gregoriano.,Calcula [Unit Cases AC] del año anterior ajustando el contexto de la tabla Period. Soporta Año/Trimestre/Mes/Semana/Día en calendario 4-4-5 y Gregoriano. Retorna BLANK en 29 de febrero de años no bisiestos y sin filtro activo.,"IF(ISFILTERED(Period[Day 445]) || ISFILTERED(Period[Day 445 Code]), IF(HASONEVALUE(Period[day_dt]), CALCULATE([Unit Cases AC], FILTER(ALL('Period'), Period[day_dt] = VALUES(Period[c445_1py_day_dt]))), BLANK()), IF(ISFILTERED(Period[Year 445]) || ISFILTERED(Period[Year 445 Code]) || ISFILTERED(Period[Quarter 445]) || ISFILTERED(Period[Quarter 445 Code]) || ISFILTERED(Period[Month 445]) || ISFILTERED(Period[Month 445 Code]) || ISFILTERED(Period[Week 445]) || ISFILTERED(Period[Week 445 Code]), CALCULATE([Unit Cases AC], FILTER(ALL('Period'), Period[Year 445 Code Sort] = IF(HASONEVALUE(Period[Year 445 Code Sort]), VALUES(Period[Year 445 Code Sort]) - 1, BLANK()) && CONTAINS(VALUES(Period[Week 445 #]), Period[Week 445 #], Period[Week 445 #]))), IF((ISFILTERED(Period[Day Cal]) || ISFILTERED(Period[Day Cal Code])) && MONTH(VALUES(Period[day_dt])) = 2 && DAY(VALUES(Period[day_dt])) = 29, BLANK(), IF(ISFILTERED(Period[Day Cal]) || ISFILTERED(Period[Day Cal Code]), CALCULATE([Unit Cases AC], FILTER(ALL('Period'), Period[Year Cal Code Sort] = IF(HASONEVALUE(Period[Year Cal Code Sort]), VALUES(Period[Year Cal Code Sort]) - 1, BLANK()) && Period[greg_month_nbr] = IF(HASONEVALUE(Period[greg_month_nbr]), VALUES(Period[greg_month_nbr]), BLANK()) && Period[greg_month_day_nbr] = IF(HASONEVALUE(Period[greg_month_day_nbr]), VALUES(Period[greg_month_day_nbr]), BLANK()))), IF(ISFILTERED(Period[Year Cal]) || ISFILTERED(Period[Year Cal Code]) || ISFILTERED(Period[Quarter Cal]) || ISFILTERED(Period[Quarter Cal Code]) || ISFILTERED(Period[Month Cal]) || ISFILTERED(Period[Month Cal Code]), CALCULATE([Unit Cases AC], FILTER(ALL('Period'), Period[Year Cal Code Sort] = IF(HASONEVALUE(Period[Year Cal Code Sort]), VALUES(Period[Year Cal Code Sort]) - 1, BLANK()) && CONTAINS(VALUES(Period[greg_month_nbr]), Period[greg_month_nbr], Period[greg_month_nbr]))))))))",decimal,"#,0",UC,none,False,Volumen NSR LATAM,N/A – medida calculada,,Metrics-Actuals-Vol[unit_case_amt] vía [Unit Cases AC] con desplazamiento PY,daily,,"[{""to_table"":""Period"",""to_column"":""day_id"",""cardinality"":""N:1"",""cross_filter"":""single""},{""to_table"":""Channel"",""to_column"":""chnl_id"",""cardinality"":""N:1"",""cross_filter"":""single""},{""to_table"":""Product"",""to_column"":""prod_id"",""cardinality"":""N:1"",""cross_filter"":""single""},{""to_table"":""Package"",""to_column"":""prod_id"",""cardinality"":""N:1"",""cross_filter"":""single""},{""to_table"":""Ship To"",""to_column"":""ship_to_loc_id"",""cardinality"":""N:1"",""cross_filter"":""single""},{""to_table"":""Ship From"",""to_column"":""ship_from_loc_id"",""cardinality"":""N:1"",""cross_filter"":""single""},{""to_table"":""Sales Type"",""to_column"":""sls_type_id"",""cardinality"":""N:1"",""cross_filter"":""single""},{""to_table"":""Transaction Type"",""to_column"":""trx_type_cd"",""cardinality"":""N:1"",""cross_filter"":""single""},{""to_table"":""Reporting View"",""to_column"":""rpt_view_cd"",""cardinality"":""N:1"",""cross_filter"":""single""}]","[""Metrics.Unit Cases AC"",""Metrics.Unit Cases AC MTD vs PY""]","[""UC PY"",""Unit Cases Prior Year"",""Volumen año anterior"",""Cajas unidad año pasado""]","[""¿Cuántas unit cases vendimos el año pasado en este período?"",""¿Cuál era el volumen UC PY por canal?"",""Comparar volumen AC vs PY""]",[],,Retorna BLANK para 29-feb en años no bisiestos y cuando no hay filtro de período activo,True,Soporta doble calendario (4-4-5 y Gregoriano); no mezclar filtros de ambos en el mismo visual. Retorna BLANK cuando no hay un solo valor de período seleccionado. En nivel día 4-4-5 usa la columna c445_1py_day_dt de la tabla Period.,"[""Period"",""Channel"",""Product"",""Package"",""Ship To"",""Ship From"",""Sales Type"",""Transaction Type"",""Reporting View""]","[""CurrencyRate"",""Off Discount"",""On Bulk Discount"",""On Standard Discount""]",True,"Rol KO (SEC-IDM-NSR-RPT-LATAM-VR-PS-LMQY-TCRON): filtra Product[Non-KO Product] distinto de Y – solo productos Coca-Cola. Rol NONKO (SEC-IDM-NSR-RPT-LATAM-VR-PS-LMQY-TCRON-NONKO): sin filtro de producto, acceso completo.",True,,,False,,,2026-02-26 06:36:26
Metrics.Bottler Gross Price per UC AC (LC),measure,Metrics,Bottler Gross Price per UC AC (LC),Precio bruto por Unidad de Caja en moneda local (LC) para el embotellador. Representa el ingreso bruto del embotellador dividido entre el volumen en UC.,División de [Bottler Gross Revenue AC (LC)] entre [Unit Cases AC]. Usa DIVIDE para retornar BLANK en lugar de error cuando UC = 0.,"DIVIDE([Bottler Gross Revenue AC (LC)],[Unit Cases AC])",double,"#,0.00",LC (Moneda Local),none,False,Ingresos NSR LATAM,N/A – medida calculada,,Metrics-Actuals-Rev (ingresos brutos) y Metrics-Actuals-Vol (volumen UC),daily,,"[{""to_table"":""Period"",""to_column"":""day_id"",""cardinality"":""N:1"",""cross_filter"":""single""},{""to_table"":""Channel"",""to_column"":""chnl_id"",""cardinality"":""N:1"",""cross_filter"":""single""},{""to_table"":""Product"",""to_column"":""prod_id"",""cardinality"":""N:1"",""cross_filter"":""single""},{""to_table"":""Package"",""to_column"":""prod_id"",""cardinality"":""N:1"",""cross_filter"":""single""},{""to_table"":""Ship To"",""to_column"":""ship_to_loc_id"",""cardinality"":""N:1"",""cross_filter"":""single""},{""to_table"":""Ship From"",""to_column"":""ship_from_loc_id"",""cardinality"":""N:1"",""cross_filter"":""single""},{""to_table"":""Sales Type"",""to_column"":""sls_type_id"",""cardinality"":""N:1"",""cross_filter"":""single""},{""to_table"":""CurrencyRate"",""to_column"":""Concat_Curr_key"",""cardinality"":""N:1"",""cross_filter"":""single""}]","[""Metrics.Bottler Gross Revenue AC (LC)"",""Metrics.Unit Cases AC"",""Metrics.Bottler Net Revenue AC (LC)""]","[""Precio bruto UC AC LC"",""Bottler Gross Price per UC"",""Precio por caja AC LC"",""Gross price per UC local currency""]","[""¿Cuál es el precio bruto por UC en moneda local?"",""¿Cuánto cobra el embotellador por UC AC en LC?"",""Precio bruto UC por canal en LC""]",[],,BLANK cuando Unit Cases AC es 0 o no hay datos para la combinación seleccionada,True,No aditiva – es una razón precio/volumen. El resultado varía drásticamente según el mix de productos y canales. No sumar entre entidades. Requiere que CurrencyRate esté correctamente relacionado para la moneda del país.,"[""Period"",""Channel"",""Product"",""Package"",""Ship To"",""Ship From"",""Sales Type"",""Transaction Type"",""Reporting View"",""CurrencyRate""]","[""Off Discount"",""On Bulk Discount"",""On Standard Discount"",""Record Type""]",True,"Rol KO (SEC-IDM-NSR-RPT-LATAM-VR-PS-LMQY-TCRON): filtra Product[Non-KO Product] distinto de Y – solo productos Coca-Cola. Rol NONKO (SEC-IDM-NSR-RPT-LATAM-VR-PS-LMQY-TCRON-NONKO): sin filtro de producto, acceso completo.",True,,,False,,,2026-02-26 06:36:26
Metrics.Bottler Net Revenue AC (LC),measure,Metrics,Bottler Net Revenue AC (LC),Ingreso neto del embotellador en moneda local (LC) para el período actual. Consolida dos componentes internos (_Y y _N) que representan distintas categorías de registro de ingreso neto.,"Suma de [Bottler Net Revenue AC (LC)_Y] y [Bottler Net Revenue AC (LC)_N], sub-medidas que agregan distintas partidas de ingreso neto en moneda local desde Metrics-Actuals-Rev.",[Bottler Net Revenue AC (LC)_Y] +[Bottler Net Revenue AC (LC)_N],double,"#,0.00",LC (Moneda Local),sum,True,Ingresos NSR LATAM,N/A – medida calculada,,Metrics-Actuals-Rev (revenue neto en LC),daily,,"[{""to_table"":""Period"",""to_column"":""day_id"",""cardinality"":""N:1"",""cross_filter"":""single""},{""to_table"":""Channel"",""to_column"":""chnl_id"",""cardinality"":""N:1"",""cross_filter"":""single""},{""to_table"":""Product"",""to_column"":""prod_id"",""cardinality"":""N:1"",""cross_filter"":""single""},{""to_table"":""Package"",""to_column"":""prod_id"",""cardinality"":""N:1"",""cross_filter"":""single""},{""to_table"":""Ship To"",""to_column"":""ship_to_loc_id"",""cardinality"":""N:1"",""cross_filter"":""single""},{""to_table"":""Ship From"",""to_column"":""ship_from_loc_id"",""cardinality"":""N:1"",""cross_filter"":""single""},{""to_table"":""Sales Type"",""to_column"":""sls_type_id"",""cardinality"":""N:1"",""cross_filter"":""single""},{""to_table"":""CurrencyRate"",""to_column"":""Concat_Curr_key"",""cardinality"":""N:1"",""cross_filter"":""single""},{""to_table"":""Transaction Type"",""to_column"":""trx_type_cd"",""cardinality"":""N:1"",""cross_filter"":""single""},{""to_table"":""Reporting View"",""to_column"":""rpt_view_cd"",""cardinality"":""N:1"",""cross_filter"":""single""}]","[""Metrics.Bottler Net Revenue AC (LC) QTD"",""Metrics.Bottler Net Revenue AC (LC) % vs PY"",""Metrics.Bottler Net Revenue AC (LC) PY"",""Metrics.Bottler Gross Revenue AC (LC)"",""Metrics.Bottler Gross Price per UC AC (LC)""]","[""BNR AC LC"",""Bottler Net Revenue Actual LC"",""Ingreso neto embotellador LC"",""Net revenue AC moneda local""]","[""¿Cuál es el ingreso neto del embotellador en LC este año?"",""Bottler net revenue AC por país en LC"",""¿Cuánto es el BNR en moneda local por canal?""]",[],,Nulos indican ausencia de transacciones de ingreso para esa combinación,True,Expresada en Moneda Local – no comparar directamente entre países con distintas monedas. Para comparativas internacionales usar la versión en USD. Verificar que CurrencyRate esté actualizado para la fecha analizada.,"[""Period"",""Channel"",""Product"",""Package"",""Ship To"",""Ship From"",""Sales Type"",""Transaction Type"",""Reporting View"",""CurrencyRate""]","[""Off Discount"",""On Bulk Discount"",""On Standard Discount"",""Record Type""]",True,"Rol KO (SEC-IDM-NSR-RPT-LATAM-VR-PS-LMQY-TCRON): filtra Product[Non-KO Product] distinto de Y – solo productos Coca-Cola. Rol NONKO (SEC-IDM-NSR-RPT-LATAM-VR-PS-LMQY-TCRON-NONKO): sin filtro de producto, acceso completo.",True,,,False,,,2026-02-26 06:36:26
Metrics.Bottler Net Revenue AC (LC) QTD,measure,Metrics,Bottler Net Revenue AC (LC) QTD,Ingreso neto del embotellador en moneda local acumulado desde el inicio del trimestre hasta el día activo (Quarter to Date). Soporta calendarios 4-4-5 y Gregoriano.,Calcula [Bottler Net Revenue AC (LC)] acumulado QTD filtrando la tabla Period desde el primer día del trimestre activo hasta el día máximo en contexto. Evalúa primero 4-4-5 (Quarter 445 #) y luego Gregoriano (greg_quarter_nbr). Retorna BLANK sin filtro de período.,"IF(ISFILTERED(Period[Month 445]) || ISFILTERED(Period[Month 445 Code]) || ISFILTERED(Period[Week 445]) || ISFILTERED(Period[Week 445 Code]) || ISFILTERED(Period[Day 445]) || ISFILTERED(Period[Day 445 Code]), CALCULATE([Bottler Net Revenue AC (LC)], FILTER(ALL('Period'), Period[day_id] >= CALCULATE(MIN(Period[day_id]), FILTER(ALL('Period'), Period[Year 445 Code Sort] = MAX(Period[Year 445 Code Sort]) && Period[Quarter 445 #] = MAX(Period[Quarter 445 #]) && Period[day_id] <= MAX(Period[day_id]))) && Period[day_id] <= CALCULATE(MAX(Period[day_id]), FILTER(ALL('Period'), Period[Year 445 Code Sort] = MAX(Period[Year 445 Code Sort]) && Period[Quarter 445 #] = MAX(Period[Quarter 445 #]) && Period[day_id] <= MAX(Period[day_id]))))), IF(ISFILTERED(Period[Month Cal]) || ISFILTERED(Period[Month Cal Code]) || ISFILTERED(Period[Day Cal]) || ISFILTERED(Period[Day Cal Code]), CALCULATE([Bottler Net Revenue AC (LC)], FILTER(ALL('Period'), Period[day_id] >= CALCULATE(MIN(Period[day_id]), FILTER(ALL('Period'), Period[Year 445 Code Sort] = MAX(Period[Year 445 Code Sort]) && Period[greg_quarter_nbr] = MAX(Period[greg_quarter_nbr]) && Period[day_id] <= MAX(Period[day_id]))) && Period[day_id] <= CALCULATE(MAX(Period[day_id]), FILTER(ALL('Period'), Period[Year 445 Code Sort] = MAX(Period[Year 445 Code Sort]) && Period[greg_quarter_nbr] = MAX(Period[greg_quarter_nbr]) && Period[day_id] <= MAX(Period[day_id]))))), BLANK()))",double,"#,0.00",LC (Moneda Local),none,False,Ingresos NSR LATAM,N/A – medida calculada,,Metrics-Actuals-Rev vía Bottler Net Revenue AC (LC) con acumulación QTD,daily,,"[{""to_table"":""Period"",""to_column"":""day_id"",""cardinality"":""N:1"",""cross_filter"":""single""},{""to_table"":""Channel"",""to_column"":""chnl_id"",""cardinality"":""N:1"",""cross_filter"":""single""},{""to_table"":""Product"",""to_column"":""prod_id"",""cardinality"":""N:1"",""cross_filter"":""single""},{""to_table"":""Package"",""to_column"":""prod_id"",""cardinality"":""N:1"",""cross_filter"":""single""},{""to_table"":""Ship To"",""to_column"":""ship_to_loc_id"",""cardinality"":""N:1"",""cross_filter"":""single""},{""to_table"":""Ship From"",""to_column"":""ship_from_loc_id"",""cardinality"":""N:1"",""cross_filter"":""single""},{""to_table"":""Sales Type"",""to_column"":""sls_type_id"",""cardinality"":""N:1"",""cross_filter"":""single""},{""to_table"":""CurrencyRate"",""to_column"":""Concat_Curr_key"",""cardinality"":""N:1"",""cross_filter"":""single""}]","[""Metrics.Bottler Net Revenue AC (LC)"",""Metrics.Bottler Net Revenue AC (LC) % vs PY"",""Metrics.Bottler Net Revenue AC (LC) PY""]","[""BNR QTD LC"",""Net Revenue Quarter to Date LC"",""Ingreso neto trimestre acumulado LC"",""BNR QTD moneda local""]","[""¿Cuál es el ingreso neto acumulado del trimestre en LC?"",""Bottler net revenue QTD por país"",""¿Cómo va el trimestre en BNR LC?""]",[],,"BLANK si no hay filtro activo a nivel de mes, semana o día en Period",True,Requiere filtro de Period a nivel Month/Week/Day (445 o Cal) para retornar valor. No usar con granularidad solo de Año o Trimestre sin nivel inferior activo. No mezclar filtros de calendario 4-4-5 y Gregoriano en el mismo visual.,"[""Period"",""Channel"",""Product"",""Package"",""Ship To"",""Ship From"",""Sales Type"",""CurrencyRate"",""Reporting View""]","[""Off Discount"",""On Bulk Discount"",""On Standard Discount"",""Record Type""]",True,"Rol KO (SEC-IDM-NSR-RPT-LATAM-VR-PS-LMQY-TCRON): filtra Product[Non-KO Product] distinto de Y – solo productos Coca-Cola. Rol NONKO (SEC-IDM-NSR-RPT-LATAM-VR-PS-LMQY-TCRON-NONKO): sin filtro de producto, acceso completo.",True,,,False,,,2026-02-26 06:36:26
Metrics.Bottler Net Revenue AC (LC) % vs PY,measure,Metrics,Bottler Net Revenue AC (LC) % vs PY,Variación porcentual del ingreso neto del embotellador en LC entre el período actual (AC) y el año anterior (PY). Positivo indica crecimiento.,División de la diferencia (AC - PY) sobre el valor PY usando DIVIDE para retornar BLANK si PY es cero o nulo.,"DIVIDE(([Bottler Net Revenue AC (LC)]-[Bottler Net Revenue AC (LC) PY]),[Bottler Net Revenue AC (LC) PY])",double,"#,0.00 %;-#,0.00 %;#,0.00 %",%,none,False,Ingresos NSR LATAM,N/A – medida calculada,,Metrics-Actuals-Rev vía Bottler Net Revenue AC (LC) y Bottler Net Revenue AC (LC) PY,daily,,"[{""to_table"":""Period"",""to_column"":""day_id"",""cardinality"":""N:1"",""cross_filter"":""single""},{""to_table"":""Channel"",""to_column"":""chnl_id"",""cardinality"":""N:1"",""cross_filter"":""single""},{""to_table"":""Product"",""to_column"":""prod_id"",""cardinality"":""N:1"",""cross_filter"":""single""},{""to_table"":""Package"",""to_column"":""prod_id"",""cardinality"":""N:1"",""cross_filter"":""single""},{""to_table"":""Ship To"",""to_column"":""ship_to_loc_id"",""cardinality"":""N:1"",""cross_filter"":""single""},{""to_table"":""Ship From"",""to_column"":""ship_from_loc_id"",""cardinality"":""N:1"",""cross_filter"":""single""},{""to_table"":""Sales Type"",""to_column"":""sls_type_id"",""cardinality"":""N:1"",""cross_filter"":""single""},{""to_table"":""CurrencyRate"",""to_column"":""Concat_Curr_key"",""cardinality"":""N:1"",""cross_filter"":""single""}]","[""Metrics.Bottler Net Revenue AC (LC)"",""Metrics.Bottler Net Revenue AC (LC) PY"",""Metrics.Bottler Net Revenue AC (LC) QTD""]","[""BNR % vs PY LC"",""Variación BNR vs año anterior"",""% crecimiento ingreso neto LC"",""Net Revenue growth % LC""]","[""¿Cuánto creció el ingreso neto vs el año pasado en LC?"",""¿Qué % de variación tiene el BNR AC vs PY?"",""Bottler net revenue growth % por país""]",[],,BLANK cuando PY es cero o no existe dato para el período anterior,True,No sumar porcentajes entre entidades (no aditiva). BLANK cuando PY = 0. El valor está en escala decimal; el format_string lo convierte a % en visualización. No comparar monedas distintas entre países.,"[""Period"",""Channel"",""Product"",""Package"",""Ship To"",""Ship From"",""Sales Type"",""CurrencyRate"",""Reporting View""]","[""Off Discount"",""On Bulk Discount"",""On Standard Discount"",""Record Type""]",True,"Rol KO (SEC-IDM-NSR-RPT-LATAM-VR-PS-LMQY-TCRON): filtra Product[Non-KO Product] distinto de Y – solo productos Coca-Cola. Rol NONKO (SEC-IDM-NSR-RPT-LATAM-VR-PS-LMQY-TCRON-NONKO): sin filtro de producto, acceso completo.",True,,,False,,,2026-02-26 06:36:26
Metrics.Individual Units AC,measure,Metrics,Individual Units AC,Volumen de ventas actual en Unidades Individuales (piezas/botellas). Métrica más granular que Unit Cases; contabiliza unidades físicas vendidas.,Suma directa de indv_unit_amt en la tabla de hechos Metrics-Actuals-Vol. Medida base de unidades individuales sin inteligencia de tiempo.,SUM('Metrics-Actuals-Vol'[indv_unit_amt]),decimal,"#,0",unidades,sum,True,Volumen NSR LATAM,N/A – medida calculada,,Metrics-Actuals-Vol[indv_unit_amt],daily,,"[{""to_table"":""Period"",""to_column"":""day_id"",""cardinality"":""N:1"",""cross_filter"":""single""},{""to_table"":""Channel"",""to_column"":""chnl_id"",""cardinality"":""N:1"",""cross_filter"":""single""},{""to_table"":""Product"",""to_column"":""prod_id"",""cardinality"":""N:1"",""cross_filter"":""single""},{""to_table"":""Package"",""to_column"":""prod_id"",""cardinality"":""N:1"",""cross_filter"":""single""},{""to_table"":""Ship To"",""to_column"":""ship_to_loc_id"",""cardinality"":""N:1"",""cross_filter"":""single""},{""to_table"":""Ship From"",""to_column"":""ship_from_loc_id"",""cardinality"":""N:1"",""cross_filter"":""single""},{""to_table"":""Sales Type"",""to_column"":""sls_type_id"",""cardinality"":""N:1"",""cross_filter"":""single""},{""to_table"":""Transaction Type"",""to_column"":""trx_type_cd"",""cardinality"":""N:1"",""cross_filter"":""single""},{""to_table"":""Reporting View"",""to_column"":""rpt_view_cd"",""cardinality"":""N:1"",""cross_filter"":""single""}]","[""Metrics.Individual Units AC WTD"",""Metrics.Unit Cases AC""]","[""IU AC"",""Individual Units Actual"",""Unidades individuales AC"",""Piezas vendidas AC"",""Botellas AC""]","[""¿Cuántas unidades individuales vendimos este período?"",""Individual units by product y canal AC"",""¿Cuántas botellas se vendieron este mes?""]",[],,Nulos representan ausencia de transacciones para esa combinación de dimensiones,True,No confundir con Unit Cases AC (1 UC = múltiples unidades individuales según empaque). Aditiva solo sobre dimensiones conectadas a Metrics-Actuals-Vol. No mezclar con slicers de otras tablas de hechos.,"[""Period"",""Channel"",""Product"",""Package"",""Ship To"",""Ship From"",""Sales Type"",""Transaction Type"",""Reporting View""]","[""CurrencyRate"",""Off Discount"",""On Bulk Discount"",""On Standard Discount"",""Record Type""]",True,"Rol KO (SEC-IDM-NSR-RPT-LATAM-VR-PS-LMQY-TCRON): filtra Product[Non-KO Product] distinto de Y – solo productos Coca-Cola. Rol NONKO (SEC-IDM-NSR-RPT-LATAM-VR-PS-LMQY-TCRON-NONKO): sin filtro de producto, acceso completo.",True,,,False,,,2026-02-26 06:36:26
Metrics.Individual Units AC WTD,measure,Metrics,Individual Units AC WTD,Unidades individuales vendidas acumuladas desde el inicio de la semana del calendario 4-4-5 hasta el día activo (Week to Date).,Calcula [Individual Units AC] acumulado WTD filtrando Period desde el primer día de la semana 4-4-5 activa hasta el día máximo en contexto. Solo responde a filtros de Día en calendario 4-4-5.,"IF(ISFILTERED(Period[Day 445]) || ISFILTERED(Period[Day 445 Code]), CALCULATE([Individual Units AC], FILTER(ALL('Period'), Period[day_id] >= CALCULATE(MIN(Period[day_id]), FILTER(ALL('Period'), Period[Year 445 Code Sort] = MAX(Period[Year 445 Code Sort]) && Period[Week 445 #] = MAX(Period[Week 445 #]) && Period[day_id] <= MAX(Period[day_id]))) && Period[day_id] <= CALCULATE(MAX(Period[day_id]), FILTER(ALL('Period'), Period[Year 445 Code Sort] = MAX(Period[Year 445 Code Sort]) && Period[Week 445 #] = MAX(Period[Week 445 #]) && Period[day_id] <= MAX(Period[day_id]))))), BLANK())",decimal,"#,0",unidades,none,False,Volumen NSR LATAM,N/A – medida calculada,,Metrics-Actuals-Vol[indv_unit_amt] vía Individual Units AC con acumulación WTD en calendario 4-4-5,daily,,"[{""to_table"":""Period"",""to_column"":""day_id"",""cardinality"":""N:1"",""cross_filter"":""single""},{""to_table"":""Channel"",""to_column"":""chnl_id"",""cardinality"":""N:1"",""cross_filter"":""single""},{""to_table"":""Product"",""to_column"":""prod_id"",""cardinality"":""N:1"",""cross_filter"":""single""},{""to_table"":""Package"",""to_column"":""prod_id"",""cardinality"":""N:1"",""cross_filter"":""single""},{""to_table"":""Ship To"",""to_column"":""ship_to_loc_id"",""cardinality"":""N:1"",""cross_filter"":""single""},{""to_table"":""Ship From"",""to_column"":""ship_from_loc_id"",""cardinality"":""N:1"",""cross_filter"":""single""},{""to_table"":""Sales Type"",""to_column"":""sls_type_id"",""cardinality"":""N:1"",""cross_filter"":""single""}]","[""Metrics.Individual Units AC"",""Metrics.Unit Cases AC""]","[""IU WTD"",""Individual Units Week to Date"",""Unidades individuales semana actual"",""IU semana acumulado""]","[""¿Cuántas unidades individuales vendimos esta semana?"",""Individual units WTD por canal"",""¿Cómo vamos en IU en la semana en curso?""]",[],,BLANK si no hay filtro de Día en calendario 4-4-5 activo,True,Solo responde a filtros de Día en calendario 4-4-5 (Period[Day 445] o Period[Day 445 Code]). No funciona con filtros del calendario Gregoriano. No usar en visuals con granularidad de mes o trimestre.,"[""Period"",""Channel"",""Product"",""Package"",""Ship To"",""Ship From"",""Sales Type"",""Transaction Type"",""Reporting View""]","[""CurrencyRate"",""Off Discount"",""On Bulk Discount"",""On Standard Discount"",""Record Type""]",True,"Rol KO (SEC-IDM-NSR-RPT-LATAM-VR-PS-LMQY-TCRON): filtra Product[Non-KO Product] distinto de Y – solo productos Coca-Cola. Rol NONKO (SEC-IDM-NSR-RPT-LATAM-VR-PS-LMQY-TCRON-NONKO): sin filtro de producto, acceso completo.",True,,,False,,,2026-02-26 06:36:26
Metrics.Off Discount AC (LC),measure,Metrics,Off Discount AC (LC),Descuento Off-Invoice actual en moneda local (LC). Representa los descuentos aplicados fuera de la factura (off-invoice) para el período activo.,"Suma directa de dscnt_amt en Metrics-Inv-Discount, tabla independiente que registra descuentos off-invoice del embotellador en moneda local.",SUM('Metrics-Inv-Discount'[dscnt_amt]),double,"#,0.00",LC (Moneda Local),sum,True,Descuentos NSR LATAM,N/A – medida calculada,,Metrics-Inv-Discount[dscnt_amt],daily,,"[{""to_table"":""Period"",""to_column"":""day_id"",""cardinality"":""N:1"",""cross_filter"":""single""},{""to_table"":""Channel"",""to_column"":""chnl_id"",""cardinality"":""N:1"",""cross_filter"":""single""},{""to_table"":""Product"",""to_column"":""prod_id"",""cardinality"":""N:1"",""cross_filter"":""single""},{""to_table"":""Package"",""to_column"":""prod_id"",""cardinality"":""N:1"",""cross_filter"":""single""},{""to_table"":""Ship To"",""to_column"":""ship_to_loc_id"",""cardinality"":""N:1"",""cross_filter"":""single""},{""to_table"":""Ship From"",""to_column"":""ship_from_loc_id"",""cardinality"":""N:1"",""cross_filter"":""single""},{""to_table"":""Sales Type"",""to_column"":""sls_type_id"",""cardinality"":""N:1"",""cross_filter"":""single""},{""to_table"":""CurrencyRate"",""to_column"":""Concat_Curr_key"",""cardinality"":""N:1"",""cross_filter"":""single""},{""to_table"":""Record Type"",""to_column"":""entry_type_cd"",""cardinality"":""N:1"",""cross_filter"":""single""},{""to_table"":""Off Discount"",""to_column"":""off_inv_dscnt_id"",""cardinality"":""N:1"",""cross_filter"":""single""},{""to_table"":""Reporting View"",""to_column"":""rpt_view_cd"",""cardinality"":""N:1"",""cross_filter"":""single""}]","[""Metrics.Bottler Net Revenue AC (LC)"",""Metrics.Bottler Gross Revenue AC (LC)""]","[""Off Invoice Discount AC LC"",""Descuento off-invoice AC"",""OID AC LC"",""Off discount actuals""]","[""¿Cuánto descuento off-invoice se aplicó en LC este período?"",""Off discount AC por canal y país"",""¿Cuál es el OID en LC del período actual?""]",[],,Nulos indican ausencia de descuentos off-invoice para esa combinación de dimensiones,True,"Proviene de Metrics-Inv-Discount, tabla independiente de Metrics-Actuals-Vol y Metrics-Actuals-Rev. No mezclar en el mismo visual con medidas de volumen sin dimensión de cruce común. Los montos de descuento suelen representarse como positivos en esta tabla pero se restan en el P&L. Verificar filtro de Record Type para evitar duplicación de entradas.","[""Period"",""Channel"",""Product"",""Package"",""Ship To"",""Ship From"",""Sales Type"",""CurrencyRate"",""Record Type"",""Off Discount"",""Reporting View""]","[""On Bulk Discount"",""On Standard Discount"",""Transaction Type""]",True,"Rol KO (SEC-IDM-NSR-RPT-LATAM-VR-PS-LMQY-TCRON): filtra Product[Non-KO Product] distinto de Y – solo productos Coca-Cola. Rol NONKO (SEC-IDM-NSR-RPT-LATAM-VR-PS-LMQY-TCRON-NONKO): sin filtro de producto, acceso completo.",True,,,False,,,2026-02-26 06:36:26
